<?xml version="1.0" encoding="UTF-8"?>
<beans>
    <bean id="fooTarget" class="test.edu.javaee.spring.aop.FooImpl"/>
    <bean id="beforeMyAdvice" class="test.edu.javaee.spring.aop.SimpleLogBeforeMethod"/>
    <bean id="afterMyAdvice" class="test.edu.javaee.spring.aop.SimpleLogAfterReturningAdvice"></bean>
    
    <bean id="before" class="dev.edu.javaee.spring.aop.support.NameMatchMethodPointcutAdvisor">
    <property name="advice" ref="beforeMyAdvice"></property>
    <property name="mappedNames" list="printFoo"></property>
    </bean>
    
    <bean id="after" class="dev.edu.javaee.spring.aop.support.JdkRegexpMethodPointcutAdvisor">
    <property name="advice" ref="afterMyAdvice"></property>
    <property name="patterns" list=".*dummy.*"></property>
    </bean>
    
    <bean id="foo" class="dev.edu.javaee.spring.factory.ProxyFactoryBean">
     <property name="proxyInterfaces" value="test.edu.javaee.spring.aop.FooInterface"></property>
     <property name="target" ref="fooTarget"></property>
     <property name="interceptorNames" list="before,after"></property>
     </bean>
  </beans>